{
  "EPS": {
    "rsi_per_mm": 0.026,
    "thicknesses": {
      "1\"": 0.65,
      "1-1/2\"": 0.9906,
      "2\"": 1.3208,
      "2-1/2\"": 1.651,
      "3\"": 1.9812
    }
  },
  "XPS": {
    "rsi_per_mm": 0.0336,
    "thicknesses": {
      "1\"": 0.88,
      "1-1/2\"": 1.28,
      "2\"": 1.68,
      "2-1/2\"": 2.1336,
      "3\"": 2.56032
    }
  },
  "Polyiso": {
    "rsi_per_mm": 0.036,
    "thicknesses": {
      "1\"": 0.97,
      "1-1/2\"": 1.385,
      "2\"": 1.8,
      "2-1/2\"": 2.286,
      "3\"": 2.7432
    }
  },
  "Mineral Wool (Rock Wool)": {
    "rsi_per_mm": 0.0277,
    "thicknesses": {
      "1\"": 0.704,
      "1-1/2\"": 1.05537,
      "2\"": 1.40716,
      "2-1/2\"": 1.75895,
      "3\"": 2.11074
    }
  },
  "Mineral Wool (Glass Fibre)": {
    "rsi_per_mm": 0.0298,
    "thicknesses": {
      "1\"": 0.757,
      "1-1/2\"": 1.13538,
      "2\"": 1.51384,
      "2-1/2\"": 1.8923,
      "3\"": 2.27076
    }
  }
}
